id,article,noun,level,note
seed-6,der,Schwimmer,A2,
seed-14,der,Leider,REMOVE,REMOVE? not a noun (leider = unfortunately)
seed-16,der,Mörder,B2,
seed-22,der,Näher,REMOVE,REMOVE? rare word
seed-30,der,Amerikaner,A2,
seed-31,der,Wichser,REMOVE,REMOVE? vulgar insult
seed-32,der,Schmetterling,A2,
seed-35,der,Findling,B2,
seed-36,der,Zwilling,A2,
seed-37,der,Feigling,B1,
seed-38,der,Häuptling,B2,
seed-39,der,Liebling,A2,
seed-40,die,Reling,B2,
seed-41,der,Darling,REMOVE,REMOVE? English word
seed-42,der,Sterling,B2,
seed-43,der,Häftling,B2,
seed-44,der,Eindringling,B2,
seed-45,der,Schilling,B2,
seed-46,der,Flüchtling,B1,
seed-47,der,Neuling,B1,
seed-48,der,Schwächling,B2,
seed-49,der,Fäustling,B2,
seed-50,der,Sträfling,B2,
seed-51,der,Schädling,B2,
seed-52,der,Säugling,B1,
seed-53,der,Riesling,B2,
seed-54,der,Vierling,B2,
seed-55,der,Fiesling,B2,
seed-56,der,Winzling,B2,
seed-57,der,Mischling,REMOVE,REMOVE? offensive term
seed-58,der,Drilling,B2,
seed-59,der,Setzling,B2,
seed-60,der,Publikumsliebling,B2,
seed-61,der,Neuankömmling,B2,
seed-62,der,Sprössling,B2,
seed-63,der,Sonderling,B2,
seed-64,der,Realismus,B1,
seed-65,der,Journalismus,B1,
seed-66,der,Kapitalismus,B1,
seed-67,der,Optimismus,B1,
seed-69,der,Organismus,B2,
seed-70,der,Sozialismus,B1,
seed-71,der,Pessimismus,B1,
seed-72,der,Terrorismus,B1,
seed-73,der,Kommunismus,B1,
seed-74,der,Rassismus,B1,
seed-75,der,Mechanismus,B2,
seed-76,der,Individualismus,B2,
seed-77,der,Vandalismus,B2,
seed-78,der,Egoismus,B1,
seed-79,der,Patriotismus,B2,
seed-80,der,Faschismus,B2,
seed-81,der,Zynismus,B2,
seed-82,der,Autismus,B2,
seed-83,der,Kannibalismus,B2,
seed-84,der,Buddhismus,B2,
seed-85,der,Alkoholismus,B2,
seed-86,der,Idealismus,B2,
seed-87,der,Feminismus,B1,
seed-88,der,Imperialismus,B2,
seed-89,der,Perfektionismus,B2,
seed-90,der,Magnetismus,B2,
seed-91,der,Impressionismus,B2,
seed-92,der,Sadismus,REMOVE,REMOVE? off-tone
seed-93,der,Katholizismus,B2,
seed-94,der,Sexismus,B2,
seed-95,der,Altruismus,B2,
seed-101,der,Traktor,B1,
seed-103,der,Investor,B1,
seed-105,das,Labor,B1,
seed-106,das,Moor,B1,
seed-107,der,Major,B2,
seed-108,der,Inspektor,B1,
seed-109,der,Senator,B2,
seed-110,der,Junior,B2,
seed-112,der,Pastor,B1,
seed-113,der,Sektor,B2,
seed-114,der,Tumor,B2,
seed-115,der,Tresor,B1,
seed-116,der,Chor,B1,
seed-117,der,Generator,B1,
seed-119,der,Rektor,B1,
seed-120,der,Terror,B1,
seed-121,der,Senior,B1,
seed-122,der,Signor,REMOVE,REMOVE? Italian word
seed-123,der,Horror,B1,
seed-124,der,Mentor,B1,
seed-126,der,Reaktor,B1,
seed-127,der,Sponsor,B1,
seed-129,der,Fokus,B1,
seed-130,der,Bonus,B1,
seed-131,der,Modus,B2,
seed-132,der,Kaktus,B1,
seed-133,der,Rhythmus,B1,
seed-134,der,Campus,B1,
seed-137,das,Plus,A2,
seed-138,das,Minus,A2,
seed-139,der,Voraus,REMOVE,REMOVE? not a noun (im Voraus = in advance)
seed-140,der,Applaus,B1,
seed-141,der,Status,B2,
seed-142,der,Luxus,B1,
seed-143,der,Orgasmus,REMOVE,REMOVE? off-tone for a public learning app
seed-144,der,Minibus,A2,
seed-145,der,Sarkasmus,B2,
seed-146,der,Krokus,B2,
seed-147,der,Radius,B2,
seed-148,der,Oktopus,B2,
seed-149,der,Enthusiasmus,B2,
seed-150,der,Bambus,B2,
seed-151,der,Hummus,B1,
seed-152,der,Zyklus,B2,
seed-153,der,Hokuspokus,B2,
seed-154,der,Algorithmus,B2,
seed-155,der,Globus,B1,
seed-156,der,Couscous,B2,
seed-157,der,Papyrus,B2,
seed-159,der,Diskus,B2,
seed-160,der,Konsonant,B1,
seed-162,der,Lieferant,B1,
seed-163,der,Musikant,B1,
seed-164,der,Demonstrant,B1,
seed-165,der,Doktorand,B1,
seed-166,der,Diplomand,B2,
seed-169,das,Croissant,A2,
seed-171,der,Verstand,B1,
seed-172,der,Sergeant,B2,
seed-175,der,Kommandant,B1,
seed-176,der,Widerstand,B1,
seed-177,der,Grant,REMOVE,REMOVE? Austrian dialect
seed-178,der,Leutnant,B2,
seed-179,der,Abstand,B1,
seed-180,der,Brand,B1,
seed-181,der,Bestand,B1,
seed-182,der,Brillant,B2,
seed-183,der,Aufstand,B1,
seed-184,der,Vorstand,B1,
seed-185,der,Ruhestand,B1,
seed-186,der,Elegant,REMOVE,REMOVE? not a noun (elegant = adjective)
seed-188,der,Anstand,B1,
seed-190,der,Mandant,B2,
seed-191,der,Informant,B2,
seed-194,der,Redakteur,B1,
seed-195,der,Amateur,B1,
seed-196,der,Masseur,B1,
seed-197,der,Chauffeur,B1,
seed-198,der,Kontrolleur,B1,
seed-199,der,Regisseur,B1,
seed-201,die,Couleur,B2,
seed-202,der,Gouverneur,B2,
seed-203,der,Kommandeur,B2,
seed-204,der,Stör,B2,
seed-205,der,Deserteur,B2,
seed-206,der,Frisör,A2,
seed-207,der,Chefredakteur,B1,
seed-208,der,Chefingenieur,B2,
seed-209,der,Charmeur,B2,
seed-210,der,Likör,B1,
seed-211,der,Eierlikör,B1,
seed-212,der,Voyeur,B2,
seed-213,der,Dompteur,B2,
seed-214,der,Monteur,B1,
seed-216,der,Graveur,B2,
seed-217,der,Akteur,B2,
seed-218,der,Installateur,B1,
seed-220,der,Konstrukteur,B2,
seed-222,der,Importeur,B2,
seed-223,der,Jongleur,B1,
seed-241,der,Hagel,B1,
seed-248,der,Sekt,A2,
seed-249,der,Schnaps,A2,
seed-250,der,Wodka,A2,
seed-251,der,Gin,B1,
seed-252,der,Whisky,A2,
seed-253,der,Rum,B1,
seed-254,der,Cognac,B1,
seed-256,die,Bowle,B1,
seed-257,der,BMW,A2,
seed-258,der,Audi,A2,
seed-260,der,Porsche,A2,
seed-262,der,Volkswagen,A2,
seed-263,der,Ford,A2,
seed-264,der,Toyota,A2,
seed-301,die,Deckung,B1,
seed-303,die,Beerdigung,B1,
seed-308,die,Schönheit,B1,
seed-310,die,Einigkeit,B2,
seed-311,die,Süßigkeit,A2,
seed-313,die,Klugheit,B1,
seed-317,die,Aufmerksamkeit,B1,
seed-319,die,Hoheit,B2,
seed-320,die,Gerechtigkeit,B1,
seed-321,die,Einheit,B1,
seed-322,die,Menschheit,B1,
seed-323,die,Dunkelheit,B1,
seed-325,die,Angelegenheit,B1,
seed-327,die,Ewigkeit,B1,
seed-331,die,Anwesenheit,B1,
seed-332,die,Kleinigkeit,B1,
seed-333,die,Persönlichkeit,B1,
seed-334,die,Weisheit,B1,
seed-335,die,Einsamkeit,B1,
seed-336,die,Dummheit,B1,
seed-337,die,Dankbarkeit,B1,
seed-344,die,Herrschaft,B1,
seed-345,die,Leidenschaft,B1,
seed-346,die,Nachbarschaft,B1,
seed-349,die,Staatsanwaltschaft,B2,
seed-352,die,Gastfreundschaft,B1,
seed-353,die,Partnerschaft,B1,
seed-354,die,Bruderschaft,B2,
seed-355,die,Bereitschaft,B1,
seed-356,die,Gefangenschaft,B2,
seed-357,die,Rechenschaft,B2,
seed-358,die,Bekanntschaft,B1,
seed-359,die,Kundschaft,B1,
seed-360,die,Meisterschaft,B1,
seed-361,die,Eigenschaft,B1,
seed-363,die,Verwandtschaft,B1,
seed-364,die,Mitgliedschaft,B1,
seed-365,die,Telefongesellschaft,B1,
seed-366,die,Erbschaft,B1,
seed-367,die,Fluggesellschaft,B1,
seed-368,die,Belegschaft,B2,
seed-369,die,Präsidentschaft,B2,
seed-370,die,Nation,B1,
seed-372,die,Explosion,B1,
seed-376,die,Version,B1,
seed-378,die,Mission,B1,
seed-383,die,Lektion,A2,
seed-384,die,Revolution,B1,
seed-385,die,Munition,B2,
seed-386,die,Vision,B1,
seed-389,die,Kaution,B1,
seed-390,die,Action,B2,
seed-391,die,Krankenstation,B1,
seed-393,die,Zivilisation,B1,
seed-394,die,Kombination,B1,
seed-395,die,Division,B2,
seed-396,die,Option,B1,
seed-398,die,Föderation,B2,
seed-399,die,Illusion,B1,
seed-405,die,Identität,B1,
seed-407,die,Elektrizität,B1,
seed-408,die,Kapazität,B2,
seed-410,die,Majestät,B2,
seed-411,die,Loyalität,B2,
seed-412,die,Autorität,B1,
seed-413,die,Priorität,B1,
seed-414,die,Spezialität,B1,
seed-415,die,Integrität,B2,
seed-416,die,Immunität,B2,
seed-417,die,Fakultät,B1,
seed-418,die,Kriminalität,B2,
seed-419,die,Sexualität,B2,
seed-420,die,Pubertät,B1,
seed-421,die,Stabilität,B2,
seed-422,die,Formalität,B2,
seed-423,die,Intimität,B2,
seed-424,die,Kreativität,B1,
seed-425,die,Normalität,B2,
seed-426,die,Brutalität,B2,
seed-427,die,Solidarität,B2,
seed-428,die,Intensität,B2,
seed-429,die,Radioaktivität,B2,
seed-430,die,Nervosität,B1,
seed-431,die,Homosexualität,B2,
seed-432,die,Anonymität,B2,
seed-433,die,Popularität,B2,
seed-442,das,Genie,B1,
seed-443,der,Hippie,B2,
seed-444,die,Magie,B1,
seed-445,die,Marie,REMOVE,REMOVE? slang
seed-450,die,Bestie,B2,
seed-451,die,Tragödie,B1,
seed-452,die,Strategie,B1,
seed-453,die,Melodie,B1,
seed-454,die,Zeremonie,B2,
seed-455,die,Autopsie,B2,
seed-456,die,Galaxie,B1,
seed-459,die,Regie,B2,
seed-462,die,Kompanie,B2,
seed-464,die,Ironie,B1,
seed-470,die,Grammatik,A2,
seed-473,die,Logik,B1,
seed-474,der,Katholik,B2,
seed-475,die,Panik,B1,
seed-478,die,Klaviermusik,A2,
seed-480,die,Rockmusik,A2,
seed-482,die,Taktik,B1,
seed-483,die,Romantik,B2,
seed-484,die,Popmusik,A2,
seed-485,die,Tanzmusik,A2,
seed-486,die,Karibik,B2,
seed-488,die,Elektronik,B1,
seed-489,die,Ethik,B2,
seed-490,die,Keramik,B1,
seed-491,die,Optik,B2,
seed-492,die,Orchestermusik,B2,
seed-493,die,Automatik,B2,
seed-494,die,Orgelmusik,B2,
seed-495,die,Jazzmusik,A2,
seed-496,die,Dynamik,B2,
seed-497,die,Hektik,B1,
seed-501,die,Königin,A2,
seed-504,die,Löwin,B1,
seed-507,das,Bulletin,B2,
seed-508,der,Rubin,B2,
seed-509,die,Prinzessin,A2,
seed-514,die,Heroin,REMOVE,REMOVE? confusing: das Heroin (drug) is far more common than die Heroin (heroine)
seed-515,die,Assistentin,B1,
seed-517,die,Gräfin,B2,
seed-518,die,Herrin,B2,
seed-521,die,Disziplin,B1,
seed-522,die,Lügnerin,B2,
seed-523,die,Göttin,B2,
seed-527,die,Agentin,B1,
seed-534,die,Zensur,B2,
seed-537,der,Schwur,B2,
seed-541,die,Korrektur,B1,
seed-542,die,Kreatur,B2,
seed-543,die,Agentur,B1,
seed-545,die,Spritztour,B2,
seed-546,die,Schnur,B2,
seed-547,die,Prozedur,B2,
seed-548,die,Architektur,B1,
seed-549,die,Signatur,B2,
seed-550,die,Skulptur,B2,
seed-551,die,Infrastruktur,B2,
seed-553,die,Kandidatur,B1,
seed-554,die,Inventur,B2,
seed-555,die,Diktatur,B1,
seed-556,die,Glasur,B2,
seed-557,die,Klausur,B1,
seed-558,die,Körpertemperatur,B1,
seed-559,die,Statur,B2,
seed-561,die,Existenz,B1,
seed-564,die,Toleranz,B1,
seed-565,die,Substanz,B2,
seed-566,die,Konsequenz,B1,
seed-567,die,Eleganz,B1,
seed-568,die,Exzellenz,B2,
seed-570,die,Allianz,B2,
seed-571,die,Pressekonferenz,B1,
seed-572,die,Lizenz,B1,
seed-573,die,Frequenz,B2,
seed-574,die,Eminenz,B2,
seed-575,die,Präsenz,B2,
seed-576,die,Sequenz,B2,
seed-577,die,Arroganz,B1,
seed-578,die,Audienz,B2,
seed-579,die,Ambulanz,B1,
seed-580,die,Herzfrequenz,B1,
seed-581,die,Effizienz,B2,
seed-582,die,Residenz,B2,
seed-583,die,Bilanz,B1,
seed-584,die,Kompetenz,B1,
seed-585,die,Essenz,B2,
seed-586,die,Ignoranz,B2,
seed-587,die,Demenz,B2,
seed-588,die,Tendenz,B1,
seed-589,die,Inkompetenz,B2,
seed-590,die,Korrespondenz,B2,
seed-606,die,Denke,B2,
seed-607,die,Warte,REMOVE,REMOVE? matched 'Warte!' (verb); die Warte is a rare noun
seed-608,die,Scheiße,REMOVE,REMOVE? vulgar
seed-611,die,Sage,B1,
seed-618,die,Waffe,B1,
seed-622,die,Hölle,B1,
seed-624,die,Eiche,B1,
seed-625,die,Tanne,B1,
seed-626,die,Birke,B1,
seed-628,die,Tulpe,B1,
seed-629,die,Nelke,B1,
seed-630,die,Kirsche,A2,
seed-633,der,Ahorn,B1,
seed-634,der,Löwenzahn,B1,
seed-635,der,Mohn,B1,
seed-636,der,Flieder,B1,
seed-638,die,Elbe,B1,
seed-639,die,Mosel,B1,
seed-640,die,Weser,B1,
seed-641,die,Oder,B1,
seed-642,die,Isar,B1,
seed-643,die,Spree,B1,
seed-644,die,Saale,B1,
seed-647,der,Neckar,B1,
seed-652,das,Fräulein,B1,
seed-653,das,Weib,REMOVE,REMOVE? derogatory
seed-654,das,Hündchen,A2,
seed-655,das,Kätzchen,A2,
seed-656,das,Vöglein,B2,
seed-657,das,Bäumchen,B1,
seed-658,das,Häuschen,A2,
seed-659,das,Sternchen,B1,
seed-662,das,Bisschen,REMOVE,REMOVE? usually written 'ein bisschen'
seed-664,das,Erreichen,B2,
seed-666,das,Verbrechen,B1,
seed-667,das,Schätzchen,B2,
seed-668,das,Versprechen,B1,
seed-672,das,Riechen,B2,
seed-673,das,Auftauchen,B2,
seed-674,das,Spielchen,B2,
seed-675,das,Anzeichen,B2,
seed-678,das,Fischen,A2,
seed-680,das,Kaninchen,A2,
seed-683,das,Blümchen,A2,
seed-684,das,Nickerchen,B2,
seed-685,das,Stechen,B2,
seed-689,das,Album,B1,
seed-692,das,Individuum,B2,
seed-693,das,Gremium,B2,
seed-696,das,Universum,B1,
seed-697,das,Eigentum,B1,
seed-700,das,Ministerium,B1,
seed-701,das,Morphium,B2,
seed-702,das,Medium,B1,
seed-703,das,Imperium,B2,
seed-704,das,Serum,B2,
seed-705,das,Territorium,B2,
seed-706,das,Stadium,B1,
seed-707,das,Außenministerium,B2,
seed-709,das,Wachstum,B1,
seed-710,das,Justizministerium,B2,
seed-711,das,Verteidigungsministerium,B2,
seed-712,das,Aquarium,B1,
seed-713,das,Minimum,B1,
seed-715,das,Opium,B2,
seed-716,das,Präsidium,B2,
seed-717,das,Maximum,B1,
seed-718,das,Experiment,B1,
seed-720,das,Element,B1,
seed-721,das,Argument,B1,
seed-723,das,Testament,B1,
seed-724,das,Fundament,B1,
seed-725,das,Kompliment,B1,
seed-727,der,Zement,B2,
seed-730,das,Department,B2,
seed-731,das,Management,B1,
seed-732,das,Regiment,B2,
seed-734,das,Temperament,B1,
seed-735,das,Engagement,B1,
seed-736,das,Appartement,B1,
seed-737,das,Statement,B2,
seed-738,das,Arrangement,B2,
seed-739,das,Entertainment,B2,
seed-740,das,Equipment,B2,
seed-741,das,Monument,B1,
seed-743,das,Ornament,B2,
seed-744,das,Fragment,B2,
seed-745,das,Segment,B2,
seed-746,das,Überraschungsmoment,B2,
seed-747,das,Establishment,B2,
seed-748,das,Sortiment,B1,
seed-750,das,Christentum,B1,
seed-751,das,Königtum,B2,
seed-752,das,Judentum,B1,
seed-753,das,Altertum,B1,
seed-754,das,Brauchtum,B2,
seed-755,das,Fürstentum,B2,
seed-756,der,Reichtum,B1,
seed-757,der,Irrtum,B1,
seed-758,das,Ultimatum,B2,
seed-760,das,Heiligtum,B2,
seed-761,das,Privateigentum,B2,
seed-762,das,Verfallsdatum,B1,
seed-763,das,Heldentum,B2,
seed-764,das,Bauerntum,B2,
seed-765,das,Präteritum,B1,
seed-766,das,Staatseigentum,B2,
seed-767,das,Ausstellungsdatum,B2,
seed-768,das,Außenseitertum,B2,
seed-769,das,Quantum,B2,
seed-770,das,Haltbarkeitsdatum,B1,
seed-771,das,Depositum,B2,
seed-772,das,Schrifttum,B2,
seed-773,das,Verbrauchsdatum,B2,
seed-774,das,Kaisertum,B2,
seed-775,das,Postskriptum,B2,
seed-776,das,Bürgertum,B2,
seed-777,das,Verfalldatum,B2,
seed-778,das,Wirtschaftswachstum,B2,
seed-779,das,Diktum,B2,
seed-780,das,Heidentum,B2,
seed-781,das,Faktum,B2,
seed-789,das,Gerede,B1,
seed-794,das,Gestern,REMOVE,REMOVE? 'gestern' is an adverb; das Gestern is rare
seed-797,das,Geschehen,B1,
seed-804,das,Gehirn,B1,
seed-806,das,Genießen,B2,
seed-810,das,Gewehr,B1,
seed-812,das,Gedächtnis,B1,
seed-818,das,Singen,A2,
seed-819,das,Lernen,A1,
seed-823,das,Dickicht,B2,
seed-824,das,Kindergesicht,B2,
seed-825,die,Sicht,B1,
seed-827,das,Angesicht,B2,
seed-828,das,Gleichgewicht,B1,
seed-829,das,Tageslicht,B1,
seed-830,das,Sonnenlicht,B1,
seed-831,das,Blitzlicht,B1,
seed-832,das,Kriegsgericht,B2,
seed-833,das,Rampenlicht,B2,
seed-834,das,Mondlicht,B1,
seed-835,das,Augenlicht,B2,
seed-836,das,Schwergewicht,B2,
seed-837,das,Kerzenlicht,B2,
seed-838,das,Militärgericht,B2,
seed-839,das,Bundesgericht,B2,
seed-840,das,Rücklicht,B1,
seed-841,das,Ungleichgewicht,B2,
seed-842,das,Nachtlicht,B1,
seed-843,das,Hauptgericht,A2,
seed-844,das,Übergewicht,B1,
seed-845,das,Blaulicht,B1,
seed-846,das,Leibgericht,B2,
seed-847,das,Untergewicht,B2,
seed-848,das,Scheinwerferlicht,B2,
seed-849,das,Liebesgedicht,B1,
seed-851,das,Bezirksgericht,B2,
seed-858,das,Piano,A2,
seed-859,das,Solo,B1,
seed-861,der,Espresso,A2,
seed-862,die,Avocado,A2,
seed-865,das,Bravo,B1,
seed-867,das,Kommando,B2,
seed-868,das,Klo,A2,
seed-872,das,Bingo,B1,
seed-873,das,Echo,B1,
seed-874,das,Casino,B1,
seed-875,das,Ego,B1,
seed-876,das,Motto,B1,
seed-877,das,Kasino,B1,
seed-878,das,Mikro,B1,
seed-879,das,Logo,B1,
seed-880,das,Memo,B1,
seed-881,das,Szenario,B2,
seed-882,das,Fitnessstudio,A2,
seed-883,das,Shampoo,A2,
seed-885,das,Drama,B1,
seed-886,das,Schema,B2,
seed-888,das,Komma,A2,
seed-889,das,Trauma,B1,
seed-890,das,Dilemma,B1,
seed-891,das,Tagesthema,B1,
seed-893,der,Pyjama,A2,
seed-894,das,Sperma,REMOVE,REMOVE? off-tone for a public learning app
seed-895,das,Karma,B2,
seed-896,das,Asthma,B1,
seed-897,das,Lama,B1,
seed-898,das,Plasma,B2,
seed-899,das,Gamma,B2,
seed-900,das,Dogma,B2,
seed-901,das,Aroma,B1,
seed-902,das,Rheuma,B1,
seed-903,das,Charisma,B2,
seed-904,das,Gesprächsthema,B1,
seed-905,das,Erdbeeraroma,B2,
seed-906,das,Halma,B2,
seed-907,das,Arbeitsklima,B1,
seed-908,das,Panorama,B1,
seed-909,das,Melodrama,B2,
seed-910,das,Magma,B2,
seed-911,das,Familiendrama,B1,
seed-912,das,Lieblingsthema,B1,
seed-913,das,Diorama,B2,
seed-914,das,Alltagsthema,B1,
seed-915,das,Hauptthema,B1,
seed-919,das,Schicksal,B1,
seed-920,die,Kenntnis,B1,
seed-922,die,Erkenntnis,B1,
seed-923,die,Wildnis,B2,
seed-925,das,Geständnis,B1,
seed-928,das,Bedürfnis,B1,
seed-929,das,Begräbnis,B1,
seed-932,das,Hindernis,B1,
seed-933,das,Vermächtnis,B2,
seed-934,das,Bündnis,B2,
seed-935,das,Einverständnis,B1,
seed-936,das,Grundbedürfnis,B2,
seed-937,das,Wahlergebnis,B1,
seed-938,das,Ärgernis,B1,
seed-939,das,Verzeichnis,B1,
seed-940,das,Hochsicherheitsgefängnis,B2,
seed-941,das,Bekenntnis,B2,
seed-942,das,Tischtennis,A2,
seed-943,das,Endergebnis,B1,
seed-944,das,Erzeugnis,B2,
seed-945,das,Frauengefängnis,B2,
seed-946,das,Wagnis,B2,
seed-947,das,Testergebnis,B1,
seed-949,das,Silber,B1,
seed-950,das,Eisen,B1,
seed-951,das,Kupfer,B2,
seed-952,das,Aluminium,B2,
seed-953,das,Blei,B2,
seed-954,das,Zink,B2,
seed-955,der,Stahl,B1,
seed-956,die,Bronze,B2,
seed-957,der,Schwefel,B2,
seed-958,der,Phosphor,B2,
seed-961,das,Grün,A2,
seed-962,das,Gelb,A2,
seed-964,das,Schwarz,A2,
seed-966,das,Lila,A2,
seed-977,der,Iran,A2,
seed-978,der,Irak,A2,
seed-979,die,USA,A1,
seed-981,das,Fohlen,B2,
seed-982,das,Ferkel,B2,
seed-983,das,Lamm,B1,
seed-984,das,Kalb,B1,
seed-985,das,Küken,B1,
seed-986,das,Junges,REMOVE,REMOVE? should be 'das Junge'
seed-987,der,Welpe,B1,
seed-988,die,Larve,B2,
seed-989,das,A,A1,
seed-990,das,B,A1,
seed-991,das,C,A1,
seed-992,das,M,A1,
seed-993,das,Ypsilon,A1,
seed-994,das,Zett,A1,
