id,article,noun,level
seed-0,der,Lehrer,A1
seed-1,der,Bäcker,A2
seed-2,der,Fahrer,A1
seed-3,der,Spieler,B1
seed-4,der,Arbeiter,A1
seed-5,der,Sänger,A2
seed-7,der,Maler,A2
seed-8,das,Fenster,A1
seed-9,die,Mutter,A1
seed-10,das,Wasser,A1
seed-11,der,Vater,A1
seed-12,der,Bruder,A1
seed-13,der,Fehler,A1
seed-15,der,Körper,A2
seed-17,der,Meister,B1
seed-18,der,Ärger,B1
seed-19,der,Partner,A1
seed-20,der,Finger,B1
seed-21,der,Hunger,A1
seed-23,der,Computer,A1
seed-24,der,Richter,B1
seed-25,der,Meter,A1
seed-26,der,Keller,A2
seed-27,der,Großvater,A1
seed-28,der,Sommer,A1
seed-29,der,Koffer,A1
seed-33,der,Frühling,A1
seed-34,der,Lehrling,B1
seed-68,der,Tourismus,B1
seed-96,der,Autor,A2
seed-97,der,Doktor,A1
seed-98,der,Motor,A2
seed-99,der,Faktor,B1
seed-100,der,Professor,B1
seed-102,der,Direktor,A2
seed-104,das,Tor,B1
seed-111,der,Humor,B1
seed-118,der,Monitor,B1
seed-125,der,Korridor,B1
seed-128,der,Zirkus,A2
seed-135,der,Bus,A1
seed-136,das,Virus,B1
seed-158,der,Schulbus,B1
seed-161,der,Praktikant,B1
seed-167,der,Elefant,B1
seed-168,das,Restaurant,A1
seed-170,der,Stand,A2
seed-173,der,Zustand,B1
seed-174,der,Strand,A2
seed-187,der,Verband,B1
seed-189,der,Gegenstand,B1
seed-192,der,Ingenieur,B1
seed-193,der,Friseur,A2
seed-200,das,Abenteuer,B1
seed-215,der,Coiffeur,B1
seed-219,der,Bauingenieur,B1
seed-221,der,Elektroingenieur,B1
seed-224,der,Montag,A1
seed-225,der,Dienstag,A1
seed-226,der,Mittwoch,A1
seed-227,der,Januar,A1
seed-228,der,Februar,A1
seed-229,der,Winter,A1
seed-230,der,Herbst,A1
seed-231,das,Jahr,A1
seed-232,die,Woche,A1
seed-233,die,Nacht,A1
seed-234,das,Frühjahr,A1
seed-235,der,Norden,A1
seed-236,der,Süden,A1
seed-237,der,Osten,A1
seed-238,der,Westen,A1
seed-239,der,Regen,A1
seed-240,der,Schnee,A2
seed-242,der,Nebel,B1
seed-243,die,Sonne,A1
seed-244,die,Wolke,A2
seed-245,das,Eis,A2
seed-246,das,Gewitter,A2
seed-247,der,Wein,A1
seed-255,das,Bier,A1
seed-259,der,Mercedes,A2
seed-261,der,Opel,B1
seed-265,die,Ente,B1
seed-266,der,Mann,A1
seed-267,der,Sohn,A1
seed-268,der,Arzt,A1
seed-269,der,König,A2
seed-270,der,Freund,A1
seed-271,das,Mitglied,B1
seed-272,das,Kind,A1
seed-273,die,Person,A2
seed-274,die,Zeitung,A1
seed-275,die,Meinung,A2
seed-276,die,Wohnung,A1
seed-277,die,Kleidung,A1
seed-278,die,Übung,B1
seed-279,die,Rechnung,A1
seed-280,die,Hoffnung,B1
seed-281,die,Prüfung,A1
seed-282,die,Ahnung,A2
seed-283,die,Entschuldigung,A1
seed-284,die,Verzeihung,B1
seed-285,die,Entscheidung,B1
seed-286,die,Bewegung,B1
seed-287,die,Verbindung,B1
seed-288,die,Richtung,B1
seed-289,die,Beziehung,B1
seed-290,die,Überraschung,B1
seed-291,die,Regierung,B1
seed-292,die,Achtung,A1
seed-293,die,Lösung,A1
seed-294,die,Verantwortung,B1
seed-295,die,Erfahrung,A2
seed-296,die,Erinnerung,B1
seed-297,die,Erklärung,B1
seed-298,die,Übersetzung,A2
seed-299,die,Vorstellung,B1
seed-300,die,Unterstützung,B1
seed-302,die,Untersuchung,B1
seed-304,die,Bedeutung,B1
seed-305,die,Abteilung,B1
seed-306,die,Freiheit,B1
seed-307,die,Gesundheit,A2
seed-309,die,Möglichkeit,B1
seed-312,die,Wahrheit,B1
seed-314,die,Sicherheit,B1
seed-315,die,Vergangenheit,B1
seed-316,die,Gelegenheit,B1
seed-318,die,Krankheit,A2
seed-324,die,Öffentlichkeit,B1
seed-326,die,Wirklichkeit,B1
seed-328,die,Kindheit,B1
seed-329,die,Fähigkeit,A2
seed-330,die,Geschwindigkeit,B1
seed-338,die,Freundschaft,B1
seed-339,die,Mannschaft,A2
seed-340,die,Wissenschaft,B1
seed-341,die,Gesellschaft,B1
seed-342,die,Landschaft,A2
seed-343,die,Botschaft,B1
seed-347,die,Gemeinschaft,B1
seed-348,die,Wirtschaft,B1
seed-350,die,Schwangerschaft,B1
seed-351,die,Gewerkschaft,B1
seed-362,die,Landwirtschaft,B1
seed-371,die,Situation,A2
seed-373,die,Diskussion,B1
seed-374,die,Information,A1
seed-375,die,Organisation,B1
seed-377,die,Aktion,B1
seed-379,die,Position,B1
seed-380,die,Operation,B1
seed-381,die,Station,B1
seed-382,die,Reaktion,B1
seed-387,die,Tradition,B1
seed-388,die,Generation,B1
seed-392,die,Kommunikation,B1
seed-397,die,Infektion,B1
seed-400,die,Produktion,B1
seed-401,die,Pension,B1
seed-402,die,Universität,A2
seed-403,die,Realität,B1
seed-404,die,Qualität,A2
seed-406,die,Aktivität,B1
seed-409,die,Nationalität,A1
seed-434,die,Familie,A1
seed-435,die,Energie,B1
seed-436,die,Biologie,A2
seed-437,die,Fantasie,B1
seed-438,die,Kopie,B1
seed-439,die,Industrie,B1
seed-440,die,Philosophie,B1
seed-441,die,Theorie,B1
seed-446,die,Serie,B1
seed-447,die,Linie,A2
seed-448,die,Technologie,B1
seed-449,die,Therapie,B1
seed-457,die,Studie,B1
seed-458,die,Demokratie,B1
seed-460,die,Batterie,B1
seed-461,die,Akademie,B1
seed-463,die,Galerie,B1
seed-465,die,Garantie,B1
seed-466,die,Musik,A2
seed-467,die,Politik,B1
seed-468,die,Fabrik,B1
seed-469,die,Physik,A2
seed-471,die,Technik,B1
seed-472,die,Mathematik,A2
seed-476,die,Klinik,B1
seed-477,die,Republik,B1
seed-479,die,Kritik,B1
seed-481,die,Plastik,B1
seed-487,die,Statistik,B1
seed-498,die,Lehrerin,A1
seed-499,die,Ärztin,A1
seed-500,die,Studentin,A1
seed-502,die,Freundin,A1
seed-503,die,Chefin,A1
seed-505,die,Kollegin,A1
seed-506,der,Termin,A1
seed-510,die,Medizin,B1
seed-511,die,Sekretärin,A2
seed-512,die,Schauspielerin,A2
seed-513,die,Patientin,B1
seed-516,die,Anwältin,B1
seed-519,die,Zeugin,B1
seed-520,die,Partnerin,A1
seed-524,die,Kellnerin,A2
seed-525,die,Nachbarin,A2
seed-526,die,Polizistin,A2
seed-528,die,Kultur,A2
seed-529,die,Natur,A2
seed-530,die,Literatur,B1
seed-531,die,Struktur,B1
seed-532,die,Figur,B1
seed-533,die,Temperatur,B1
seed-535,die,Frisur,B1
seed-536,das,Abitur,A2
seed-538,der,Flur,B1
seed-539,die,Spur,B1
seed-540,die,Tour,A2
seed-544,die,Reparatur,A1
seed-552,die,Tastatur,B1
seed-560,die,Konferenz,B1
seed-562,die,Intelligenz,B1
seed-563,die,Distanz,B1
seed-569,die,Konkurrenz,B1
seed-591,die,Referenz,A2
seed-592,die,Blume,A1
seed-593,die,Lampe,A2
seed-594,die,Katze,A2
seed-595,die,Decke,B1
seed-596,die,Tasche,A1
seed-597,die,Schule,A1
seed-598,die,Straße,A1
seed-599,der,Käse,A1
seed-600,das,Auge,A1
seed-601,das,Ende,A1
seed-602,der,Junge,A1
seed-603,das,Interesse,A2
seed-604,die,Bitte,A1
seed-605,die,Liebe,A1
seed-609,die,Hilfe,A1
seed-610,die,Frage,A1
seed-612,die,Idee,A2
seed-613,die,Ruhe,A2
seed-614,die,Geschichte,A2
seed-615,die,Seite,A1
seed-616,die,Chance,B1
seed-617,die,Sorge,B1
seed-619,die,Rede,A2
seed-620,die,Stunde,A1
seed-621,die,Menge,A2
seed-623,die,Stelle,A1
seed-627,die,Rose,A2
seed-631,die,Pflaume,B1
seed-632,der,Apfel,A1
seed-637,die,Donau,B1
seed-645,der,Rhein,A1
seed-646,der,Main,A1
seed-648,die,Frau,A1
seed-649,die,Tochter,A1
seed-650,die,Schwester,A1
seed-651,das,Mädchen,A1
seed-660,das,Brötchen,A1
seed-661,das,Sprechen,A1
seed-663,das,Lachen,A2
seed-665,das,Zeichen,B1
seed-669,das,Kochen,A2
seed-670,das,Rauchen,A1
seed-671,das,Waschen,B1
seed-676,das,Märchen,B1
seed-677,das,Hühnchen,B1
seed-679,das,Würstchen,B1
seed-681,das,Kennzeichen,B1
seed-682,das,Päckchen,B1
seed-686,das,Museum,A1
seed-687,das,Zentrum,A2
seed-688,das,Datum,A1
seed-690,das,Praktikum,A1
seed-691,das,Studium,A1
seed-694,der,Konsum,B1
seed-695,das,Publikum,B1
seed-698,das,Einkaufszentrum,A2
seed-699,das,Stipendium,A2
seed-708,das,Parfum,A2
seed-714,das,Visum,B1
seed-719,das,Instrument,A2
seed-722,das,Dokument,B1
seed-726,der,Moment,A1
seed-728,das,Apartment,A1
seed-729,das,Medikament,A1
seed-733,das,Parlament,B1
seed-742,das,Abonnement,B1
seed-749,das,Musikinstrument,B1
seed-759,das,Geburtsdatum,B1
seed-782,das,Gebäude,A2
seed-783,das,Gebirge,B1
seed-784,das,Gemüse,A1
seed-785,das,Geschirr,A2
seed-786,das,Gepäck,A1
seed-787,das,Getränk,A1
seed-788,das,Gefühl,B1
seed-790,der,Gedanke,B1
seed-791,der,Geschmack,B1
seed-792,die,Gefahr,B1
seed-793,das,Geld,A1
seed-795,das,Gesicht,A2
seed-796,das,Gefängnis,B1
seed-798,das,Geschäft,A1
seed-799,das,Geschenk,A1
seed-800,das,Gericht,A2
seed-801,das,Geheimnis,B1
seed-802,das,Gesetz,B1
seed-803,das,Gespräch,A1
seed-805,das,Gewissen,B1
seed-807,das,Gegenteil,A2
seed-808,das,Gerät,A2
seed-809,das,Gebiet,B1
seed-811,das,Geräusch,B1
seed-813,das,Essen,A1
seed-814,das,Leben,A1
seed-815,das,Lesen,A1
seed-816,das,Schreiben,A1
seed-817,das,Schwimmen,A1
seed-820,das,Licht,A1
seed-821,das,Gewicht,A1
seed-822,das,Gedicht,B1
seed-826,die,Pflicht,B1
seed-850,das,Lieblingsgericht,A2
seed-852,das,Auto,A1
seed-853,das,Büro,A1
seed-854,das,Kino,A1
seed-855,das,Radio,A2
seed-856,das,Foto,A1
seed-857,das,Konto,A1
seed-860,der,Euro,A1
seed-863,das,Hallo,A1
seed-864,das,Risiko,B1
seed-866,das,Video,B1
seed-869,das,Kilo,A1
seed-870,das,Studio,B1
seed-871,das,Tempo,B1
seed-884,das,Thema,A1
seed-887,das,Klima,B1
seed-892,die,Firma,A1
seed-916,das,Ergebnis,A1
seed-917,das,Zeugnis,A2
seed-918,das,Verständnis,A2
seed-921,die,Erlaubnis,A2
seed-924,das,Missverständnis,B1
seed-926,das,Verhältnis,B1
seed-927,das,Ereignis,B1
seed-930,das,Tennis,A2
seed-931,das,Erlebnis,B1
seed-948,das,Gold,B1
seed-959,das,Rot,A2
seed-960,das,Blau,A2
seed-963,das,Weiß,A2
seed-965,das,Orange,A2
seed-967,das,Deutschland,A1
seed-968,das,Frankreich,A1
seed-969,das,Italien,A1
seed-970,das,Spanien,A1
seed-971,das,Afrika,B1
seed-972,das,Berlin,A1
seed-973,das,Kanada,A2
seed-974,das,Japan,A1
seed-975,die,Schweiz,A1
seed-976,die,Türkei,A1
seed-980,das,Baby,A1
seed-995,der,Buchstabe,A1
